"","condition","f_p_sib1","coef_intercept_p_sib1","coef_y_mean_p_sib1","coef_con_mean_p_sib1","coef_con_diff_p_sib1","coef_ev1_p_sib1","coef_ev2_p_sib1","CN","beta1","beta2","beta3","ICC"
"1",1,0.993,0.715,0.049,0.041,0.997,0.044,0.039,30,0.3,0.1,0,0.2
"2",2,1,1,0.043,0.046,1,0.082,0.087,120,0.3,0.1,0,0.2
"3",3,1,1,0.059,0.046,1,0.266,0.301,510,0.3,0.1,0,0.2
"4",4,0.987,0.711,0.049,0.044,0.998,0.043,0.04,30,0.3,0.1,0,0.4
"5",5,1,1,0.039,0.039,1,0.082,0.075,120,0.3,0.1,0,0.4
"6",6,1,1,0.047,0.06,1,0.21,0.341,510,0.3,0.1,0,0.4
"7",7,0.994,0.676,0.036,0.039,0.997,0.034,0.042,30,0.3,0.1,0,0.8
"8",8,1,1,0.04,0.045,1,0.055,0.074,120,0.3,0.1,0,0.8
"9",9,1,1,0.065,0.062,1,0.162,0.339,510,0.3,0.1,0,0.8
"10",10,0.911,0.996,0.051,0.052,0.932,0.201,0.324,30,0.3,0.3,0,0.2
"11",11,1,1,0.043,0.045,1,0.402,0.729,120,0.3,0.3,0,0.2
"12",12,1,1,0.047,0.038,1,0.943,1,510,0.3,0.3,0,0.2
"13",13,0.913,0.976,0.062,0.061,0.938,0.149,0.387,30,0.3,0.3,0,0.4
"14",14,1,1,0.044,0.047,1,0.339,0.895,120,0.3,0.3,0,0.4
"15",15,1,1,0.051,0.047,1,0.875,1,510,0.3,0.3,0,0.4
"16",16,0.928,0.787,0.059,0.05,0.944,0.105,0.419,30,0.3,0.3,0,0.8
"17",17,1,1,0.054,0.055,1,0.186,0.914,120,0.3,0.3,0,0.8
"18",18,1,1,0.046,0.043,1,0.578,1,510,0.3,0.3,0,0.8
"19",19,0.994,1,0.037,0.033,0.96,0.427,0.795,30,0.3,0.5,0,0.2
"20",20,1,1,0.044,0.042,1,0.793,0.987,120,0.3,0.5,0,0.2
"21",21,1,1,0.039,0.055,1,1,1,510,0.3,0.5,0,0.2
"22",22,0.997,0.993,0.05,0.054,0.969,0.352,0.848,30,0.3,0.5,0,0.4
"23",23,1,1,0.034,0.045,1,0.724,1,120,0.3,0.5,0,0.4
"24",24,1,1,0.06,0.053,1,0.998,1,510,0.3,0.5,0,0.4
"25",25,0.994,0.886,0.052,0.049,0.949,0.187,0.871,30,0.3,0.5,0,0.8
"26",26,1,1,0.048,0.044,1,0.514,0.998,120,0.3,0.5,0,0.8
"27",27,1,1,0.041,0.046,1,0.933,1,510,0.3,0.5,0,0.8
"28",28,0.979,0.777,0.116,0.063,0.996,0.1,0.361,30,0.3,0.1,0.1,0.2
"29",29,1,1,0.35,0.1,1,0.294,0.97,120,0.3,0.1,0.1,0.2
"30",30,1,1,0.91,0.23,1,0.836,1,510,0.3,0.1,0.1,0.2
"31",31,0.987,0.741,0.102,0.07,0.997,0.059,0.405,30,0.3,0.1,0.1,0.4
"32",32,1,1,0.349,0.177,1,0.195,0.992,120,0.3,0.1,0.1,0.4
"33",33,1,1,0.908,0.562,1,0.663,1,510,0.3,0.1,0.1,0.4
"34",34,0.98,0.639,0.121,0.108,0.994,0.046,0.518,30,0.3,0.1,0.1,0.8
"35",35,1,0.995,0.351,0.298,1,0.072,1,120,0.3,0.1,0.1,0.8
"36",36,1,1,0.903,0.841,1,0.196,1,510,0.3,0.1,0.1,0.8
"37",37,0.958,0.984,0.189,0.085,0.922,0.21,0.365,30,0.3,0.3,0.1,0.2
"38",38,1,1,0.611,0.131,1,0.722,0.831,120,0.3,0.3,0.1,0.2
"39",39,1,1,0.997,0.401,1,1,1,510,0.3,0.3,0.1,0.2
"40",40,0.951,0.954,0.176,0.092,0.921,0.187,0.498,30,0.3,0.3,0.1,0.4
"41",41,1,1,0.604,0.268,1,0.715,0.962,120,0.3,0.3,0.1,0.4
"42",42,1,1,0.995,0.772,1,1,1,510,0.3,0.3,0.1,0.4
"43",43,0.937,0.589,0.196,0.164,0.903,0.206,0.88,30,0.3,0.3,0.1,0.8
"44",44,1,0.993,0.599,0.522,1,0.672,1,120,0.3,0.3,0.1,0.8
"45",45,1,1,0.997,0.986,1,0.997,1,510,0.3,0.3,0.1,0.8
"46",46,1,1,0.095,0.082,0.952,0.327,0.736,30,0.3,0.5,0.1,0.2
"47",47,1,1,0.329,0.145,1,0.892,0.951,120,0.3,0.5,0.1,0.2
"48",48,1,1,0.773,0.177,1,1,1,510,0.3,0.5,0.1,0.2
"49",49,0.998,0.986,0.11,0.092,0.956,0.268,0.812,30,0.3,0.5,0.1,0.4
"50",50,1,1,0.302,0.138,1,0.818,0.998,120,0.3,0.5,0.1,0.4
"51",51,1,1,0.765,0.227,1,1,1,510,0.3,0.5,0.1,0.4
"52",52,0.999,0.75,0.11,0.1,0.936,0.197,0.984,30,0.3,0.5,0.1,0.8
"53",53,1,0.994,0.313,0.244,1,0.634,1,120,0.3,0.5,0.1,0.8
"54",54,1,1,0.775,0.629,1,0.998,1,510,0.3,0.5,0.1,0.8
"55",55,0.953,0.991,0.096,0.055,0.764,0.291,0.541,30,0.3,0.1,0.3,0.2
"56",56,1,1,0.212,0.044,1,0.789,0.998,120,0.3,0.1,0.3,0.2
"57",57,1,1,0.634,0.073,1,1,1,510,0.3,0.1,0.3,0.2
"58",58,0.937,0.981,0.106,0.051,0.757,0.26,0.581,30,0.3,0.1,0.3,0.4
"59",59,1,1,0.222,0.064,1,0.758,0.999,120,0.3,0.1,0.3,0.4
"60",60,1,1,0.611,0.113,1,0.999,1,510,0.3,0.1,0.3,0.4
"61",61,0.914,0.967,0.083,0.068,0.715,0.164,0.584,30,0.3,0.1,0.3,0.8
"62",62,1,1,0.193,0.145,0.999,0.557,0.999,120,0.3,0.1,0.3,0.8
"63",63,1,1,0.607,0.468,1,0.993,1,510,0.3,0.1,0.3,0.8
"64",64,0.978,0.996,0.213,0.059,0.66,0.088,0.479,30,0.3,0.3,0.3,0.2
"65",65,1,1,0.645,0.104,0.999,0.112,0.994,120,0.3,0.3,0.3,0.2
"66",66,1,1,0.994,0.311,1,0.216,1,510,0.3,0.3,0.3,0.2
"67",67,0.964,0.986,0.204,0.054,0.606,0.066,0.629,30,0.3,0.3,0.3,0.4
"68",68,1,1,0.638,0.083,1,0.137,1,120,0.3,0.3,0.3,0.4
"69",69,1,1,0.997,0.166,1,0.421,1,510,0.3,0.3,0.3,0.4
"70",70,0.936,0.828,0.186,0.137,0.49,0.108,0.784,30,0.3,0.3,0.3,0.8
"71",71,1,1,0.637,0.453,0.999,0.273,1,120,0.3,0.3,0.3,0.8
"72",72,1,1,0.993,0.966,1,0.796,1,510,0.3,0.3,0.3,0.8
"73",73,1,1,0.239,0.136,0.719,0.229,0.53,30,0.3,0.5,0.3,0.2
"74",74,1,1,0.601,0.266,0.999,0.649,0.986,120,0.3,0.5,0.3,0.2
"75",75,1,1,0.983,0.752,1,0.999,1,510,0.3,0.5,0.3,0.2
"76",76,0.998,0.995,0.203,0.07,0.645,0.211,0.721,30,0.3,0.5,0.3,0.4
"77",77,1,1,0.592,0.075,1,0.651,1,120,0.3,0.5,0.3,0.4
"78",78,1,1,0.988,0.074,1,0.996,1,510,0.3,0.5,0.3,0.4
"79",79,0.997,0.671,0.196,0.138,0.617,0.211,0.84,30,0.3,0.5,0.3,0.8
"80",80,1,1,0.584,0.393,0.998,0.628,1,120,0.3,0.5,0.3,0.8
"81",81,1,1,0.995,0.901,1,0.997,1,510,0.3,0.5,0.3,0.8
"82",82,0.677,0.999,0.067,0.042,0.457,0.107,0.089,30,0.3,0.1,0.5,0.2
"83",83,1,1,0.1,0.086,0.982,0.349,0.414,120,0.3,0.1,0.5,0.2
"84",84,1,1,0.206,0.154,1,0.931,0.99,510,0.3,0.1,0.5,0.2
"85",85,0.652,1,0.064,0.041,0.452,0.108,0.091,30,0.3,0.1,0.5,0.4
"86",86,1,1,0.1,0.061,0.978,0.358,0.487,120,0.3,0.1,0.5,0.4
"87",87,1,1,0.211,0.049,1,0.93,0.987,510,0.3,0.1,0.5,0.4
"88",88,0.664,1,0.061,0.058,0.477,0.095,0.114,30,0.3,0.1,0.5,0.8
"89",89,1,1,0.085,0.062,0.978,0.277,0.479,120,0.3,0.1,0.5,0.8
"90",90,1,1,0.193,0.137,1,0.845,0.994,510,0.3,0.1,0.5,0.8
"91",91,0.788,0.999,0.101,0.11,0.42,0.052,0.132,30,0.3,0.3,0.5,0.2
"92",92,1,1,0.298,0.323,0.966,0.059,0.618,120,0.3,0.3,0.5,0.2
"93",93,1,1,0.714,0.897,1,0.059,0.999,510,0.3,0.3,0.5,0.2
"94",94,0.732,0.997,0.102,0.058,0.402,0.048,0.159,30,0.3,0.3,0.5,0.4
"95",95,1,1,0.249,0.073,0.942,0.062,0.702,120,0.3,0.3,0.5,0.4
"96",96,1,1,0.729,0.124,1,0.049,1,510,0.3,0.3,0.5,0.4
"97",97,0.659,0.978,0.113,0.083,0.379,0.067,0.191,30,0.3,0.3,0.5,0.8
"98",98,1,1,0.252,0.145,0.913,0.078,0.786,120,0.3,0.3,0.5,0.8
"99",99,1,1,0.725,0.426,1,0.146,1,510,0.3,0.3,0.5,0.8
"100",100,0.916,0.999,0.145,0.208,0.395,0.112,0.191,30,0.3,0.5,0.5,0.2
"101",101,1,1,0.337,0.708,0.958,0.287,0.76,120,0.3,0.5,0.5,0.2
"102",102,1,1,0.798,0.999,1,0.769,1,510,0.3,0.5,0.5,0.2
"103",103,0.901,0.996,0.14,0.075,0.401,0.132,0.229,30,0.3,0.5,0.5,0.4
"104",104,1,1,0.326,0.181,0.916,0.271,0.887,120,0.3,0.5,0.5,0.4
"105",105,1,1,0.842,0.561,1,0.799,1,510,0.3,0.5,0.5,0.4
"106",106,0.818,0.904,0.122,0.07,0.352,0.101,0.272,30,0.3,0.5,0.5,0.8
"107",107,1,1,0.324,0.14,0.862,0.306,0.9,120,0.3,0.5,0.5,0.8
"108",108,1,1,0.837,0.414,1,0.844,1,510,0.3,0.5,0.5,0.8
"109",109,1,0.501,0.062,0.055,1,0.048,0.063,30,0.3,0,0,0.2
"110",110,1,0.993,0.053,0.055,1,0.057,0.031,120,0.3,0,0,0.2
"111",111,1,1,0.049,0.052,1,0.062,0.058,510,0.3,0,0,0.2
"112",112,1,0.525,0.044,0.046,1,0.057,0.05,30,0.3,0,0,0.4
"113",113,1,0.994,0.065,0.05,1,0.059,0.054,120,0.3,0,0,0.4
"114",114,1,1,0.044,0.05,1,0.049,0.056,510,0.3,0,0,0.4
"115",115,1,0.515,0.07,0.066,1,0.044,0.05,30,0.3,0,0,0.8
"116",116,1,0.994,0.051,0.048,1,0.048,0.041,120,0.3,0,0,0.8
"117",117,1,1,0.049,0.049,1,0.049,0.03,510,0.3,0,0,0.8
